{
    "ttbar": {
        "muFDown": 0.968562881647005, 
        "muFUp": 1.0258242100002464, 
        "muRDown": 0.8991725698653035, 
        "muRUp": 1.1127571146297617
    }
}{
    "qcd": {
        "muFDown": 1.0951777159977816, 
        "muFUp": 0.9415490910503345, 
        "muRDown": 0.8698875979274513, 
        "muRUp": 1.1296983921431976
    }
}{
    "gamma_jets": {
        "muFDown": 0.9789232632841386, 
        "muFUp": 1.0248295981428786, 
        "muRDown": 0.9044184150945219, 
        "muRUp": 1.0934857164726195
    }
}{
    "singletop": {
        "muFDown": 0.9844155534902694, 
        "muFUp": 1.0089647402386133, 
        "muRDown": 0.9420998106332343, 
        "muRUp": 1.0601768806950937
    }
}{
    "ttbar": {
        "muFDown": 0.968562881647005, 
        "muFUp": 1.0258242100002464, 
        "muRDown": 0.8991725698653035, 
        "muRUp": 1.1127571146297617
    }
}{
    "qcd": {
        "muFDown": 1.0951777159977816, 
        "muFUp": 0.9415490910503278, 
        "muRDown": 0.8698875979274513, 
        "muRUp": 1.1296983921431927
    }
}{
    "qcd": {
        "muFDown": 1.0951777159977816, 
        "muFUp": 0.9415490910503377, 
        "muRDown": 0.8698875979274513, 
        "muRUp": 1.1296983921432022
    }
}{
    "gamma_jets": {
        "muFDown": 0.9789232632841386, 
        "muFUp": 1.0248295981428786, 
        "muRDown": 0.9044184150945219, 
        "muRUp": 1.0934857164726195
    }
}{
    "qcd": {
        "muFDown": 1.0951777159977816, 
        "muFUp": 0.9415490910503227, 
        "muRDown": 0.8698875979274513, 
        "muRUp": 1.1296983921431982
    }
}{
    "gamma_jets": {
        "muFDown": 0.9789232632841386, 
        "muFUp": 1.0248295981428786, 
        "muRDown": 0.9044184150945219, 
        "muRUp": 1.0934857164726195
    }
}{
    "singletop": {
        "muFDown": 0.9844155534902694, 
        "muFUp": 1.0089647402386133, 
        "muRDown": 0.9420998106332343, 
        "muRUp": 1.0601768806950937
    }
}{
    "ttbar": {
        "muFDown": 0.968562881647005, 
        "muFUp": 1.0258242100002464, 
        "muRDown": 0.8991725698653035, 
        "muRUp": 1.1127571146297617
    }
}